Barcode,Counts
ATGCTCCCTCAT,60
TGTAGTTCCTGG,525
CATCAATGTCCG,75
TCGCAAGTGAAT,427
GCAACGTAGAGG,8012
ACCATGAAGGTG,216
TATGAGGACCGG,741
ATCGTAGTCAGA,1635
GAGGAAGATCAC,1036
CAACTCTGCATC,1942
ACAAACGCGGAG,4494
CACCGCTAAACG,1103
ACTCCTCAGAGT,704
GCCATTCTGTGA,562
ATAAGGCATACC,18
AGAACGAGAGGG,19
CTCTAGGACACA,5
GCGGTACGATAA,223
TCTGTCCACCTG,501
TCCAACTATCTC,3
ATGTATATGCCC,174
CAAGCTTACAGG,94
ACGCCATGCGTT,1762
TGGAGTACCCTG,665
AAGTTCGGTTAC,198
CAACTCCTCAAA,525
CAATTTGCCGTT,149
CTGGAAGTTAGT,198
ACCATCAGAAGT,33
GTGTGACCTAAG,820
GACGTTAGATCC,14
ATAGCACGAACG,68
AGTCAAGTTCTG,584
CACGGCTTGAAA,48
TCGAACAGTAGC,79
TAAAGCAGCGCG,1007
CGTCAACCGTAT,66
CTGTACTGTACT,43
ACTGAACGGAGG,158
ACGACCAGTAGA,168
CCTGTTCCCAAT,121
TGTTCTGTTTGG,572
ACTCGTGTCTGT,717
TGTGGGAGCATC,166
TTGGGCGTCATT,136
CAGGAGAATCCC,1112
GTACTTCCATCC,42
GAACGCGTAAGT,486
ACCTACATGGAG,127
TTCCGGACAACA,330
CTGACATTGCAG,651
TCGAAAGCTGTT,545
TGTATTCGGTAC,123
TAAACATGCGCG,614
TTGCGCCCATAA,232
TACTACAGCGGG,65
CGTACGCTGAAT,58
ATCGTAGAGGTC,37
AGTGAGATCACA,226
CTCCTTCAGTCT,275
TCCTCTCACCAT,2
TGGCTGAGTTAT,51
GTCACATGCTGA,59
TGAACGATCATC,51
TGGGTACATCGA,168
GACATGGATCTT,20
GTACAATGACAC,262
ACAAAGCCATAG,133
TATCCTACTGGG,65
TTCACTCAAGAG,66
GGCCACTGTAGT,138
ATTAGGCCAATC,265
GCCATTTCTTTC,98
GAATGATTGACC,311
GCTTGGCCAGTA,7
ACGAGGTGAGGA,23
GCCAGAACAGTA,144
CAGGTAACGTGA,234
ACGCTTAGGCGA,48
CCCTAACACTGA,320
AGCTAGATGCTG,13
CTTCAGCGAGTC,69
TACAGTCTCGAG,33
ACAAATTGCCAG,16
TGATCGTTGCAG,330
TCGAGCACTATA,248
TACCTCCTGGCT,10
CCTTGCATTCGA,32
TTGTCCCGGGTT,437
AAACGACATCGG,20
TGTTCTGAACGG,526
AATCGGAGGTGG,2
AGCGGACATTGA,51
GCTGTACTCCGT,3
ACATCCGTTCAG,9
AACCTTAGAGGA,10
AGATCGCGTCCA,266
CGACCAACGTAC,41
ACCGCTACGTAG,91
TGAGAGGAAACG,1
TTGACCCTTACG,8
AGCTCTCATTTC,67
AAGTGTCGACAA,6
ATCTCCGGGTCT,1
GTACTGAAGGTG,20
TGCCTTGACGTT,88
TTGACCGTGCTG,107
GGTGTGTTTACT,16
TCTCACTGAGGC,18
CTTGCAAAGTGG,5
TGGGCAATCCCT,14
ATAATTGAGGCC,5
ACTGTGTGCGTA,61
CCAAAGTGACCA,76
AGGGAAAGGCTT,172
AGTTCTCTGCTT,3
TCTACAAGCGGG,98
ATACCCGGGTTT,8
ATCAAGTCCACG,46
GAAGGTGTCCAC,1
GTAGGATGGTGC,33
GACATAGTGACG,6
ATACGTTGATGG,177
CCTAGTGGTTGT,1
TTCCTGCCGTTT,83
TACGTAGCGGTG,1
TTTGAGATCGGG,5
CGCGACACATTT,9
ACACGGATATGC,4
TGGCGTAATCTC,11
TCTGCCCGAATC,12
ACGTTGATGTTG,3
TCTGATCTCGAA,2
ACTCGAGCTTGT,20
CTGTGTACAGGG,3
ACGGCAGTCAAG,20
AGGCCTACATAA,27
AACACCGTGTGG,1
GGTTAAAGAGGC,12
CATACTGCAATG,3
TTGCATCTTGTC,10
GGGCTGACAATA,4
CTGACGGTAGTT,20
AAGCCTATGGCG,11
GTCCAGTGAATG,142
TGAGGAGGTCGT,10
AGCGATGGAGAT,6
AGAAAGTGCGAG,9
AGTCATGATACG,39
ATAGCGTGCATT,13
CCGGTGGTTATT,19
CTTAGCCGAGTT,13
CACTGAGTCTAC,73
GGAGAGCGTAAT,29
GACGCTATGTCT,35
AGCTGATTGGCA,9
ATTGGTAGCACA,19
CATTCCGGACTT,48
TTCGACTGAGAT,37
ACCTTCCATTAC,14
GTACTCCTTCGA,5
AGCCAGTGCAAT,7
CCTGTCAGAAGT,26
CGTAAACCTTCG,7
ACGTGCCATCGT,22
CTTACACGCCCT,35
TTTGACACCGCT,35
ATCTGGCACATT,8
GGTCTCCCAACT,116
GTAGTCGTTGCA,1
ATGGTACGAGAG,9
CCAAGTTGAGTG,2
GGCAAATACCCA,233
TGCTCGGATCGT,5
CGATATCAACGC,20
TATGGGCGAGAT,8
AGATAGGCGTGC,29
GTTTAGTACGTG,3
TTGAGGATCGGG,52
TAAGTAGCCGAG,11
CACAGATCGAGC,19
TAGGCGACTTCT,12
TAGATCCAGAGC,8
GAGGTGAGAGAC,19
TTGAAACTCGGG,3
CAGTGACTCTGC,9
TATAGAGGTCCG,10
GTTGCGGTTCCA,2
TGGTAGAACGTG,15
GTCTCCCGAATA,232
TTCGCTGTTAGG,4
GGTGGAGCTAGT,14
CTGGGTGGTTTG,1
AAGAGGGATCAA,54
GAGAATGGTTCT,1
TATCCCATTACC,69
ACTACACCATGC,1
GCGCTGATTTAG,1
CACAGTCCTAAG,95
ACGGCTGAATCT,59
GGTCAAGATGTG,18
ACTAGCTGAGGG,36
ATACCGCCTAGG,6
TAAGAGCCTCTG,4
CCATAGTGAGCG,17
AGTGATGGACAA,2
CGCTATGGCTAA,37
AACATACGCATG,3
CTGCGTACTTCT,10
GATCGGAGCTAA,19
CAGATCGGTGAC,4
GGTCTCTCTTAA,1
AGAAGGGTACTT,1
TGGGAAGTCTGA,2
CTTGAAGGGATG,5
CCTCTGGATCTT,13
AGGGCTAACGTT,11
AGACGAGGCTTT,31
TGTTAGCATCCG,2
ACATACCGGCAG,12
TTCTGCTACAGC,17
CCATCGGACAGT,4
CACGCCATAGTA,2
GATCGTTCGATA,1
CACAGGAGCTCT,9
CAGCCAACATGT,2
CGCATCTTCATA,4
CTCCAATGTCCT,8
AGAGGATGCAGG,6
CACTCGGCTAGT,13
TGTGCGACTGTT,8
TCTTATTCCGCA,6
GGAGCAGAGAAC,4
TCCAAGAGTACT,142
GGTTATATCCCG,4
AACATGGTCCGG,2
TGGAAGCCAACT,22
GTTGGTTACACG,32
CTTTCGTCGACT,4
GCCATCGTTACT,121
TTGAGGTGTCCC,5
GTAAGAGGCAAG,14
TCTAACAGGCGA,2
GGACGAGATATA,1
TGAGTCACACGT,17
GGGCGATTGTGA,9
TCGTTGCGAAGC,2
GACTATTGAAGC,9
TCGTTGTCTACG,1
TGTAGGTAGGCA,2
ACAAATCCTTCC,16
TGTCACGGTCTG,1
TACCAGGGTACA,20
AACCCGCAGAGT,27
ATCATGGCAAAC,1
CTCGACTACAAC,16
CGCGTTCGTAAA,1
TAGGGAGAATGT,3
TGAACGTCCCAG,3
CGCAAACTCCAA,4
AACCACTCTGCG,6
AGTCAGGACAGT,4
CCTATCGGCAAA,3
CACAAATCCGGA,1
ATGATATGCCAG,18
ACGGACTATTGA,4
CTTGCTAGGCCA,1
AGCACGTCGAGA,3
GTCAGAACACGT,2
CGTCGAACAGAA,8
TCGGCAGCTTGT,3
TTCAGTTGACGA,8
TGCCCGATCTGA,7
GGGTTGTCGTAG,3
GTTGACATACGA,62
CAAGGCAAGATA,7
TTCATCACCTCT,1
CTTCCTCGAATT,4
CGTTGAACCTGC,19
GGTCAATCTCTT,4
CGTGATCGATTG,2
TGAGTCCACCGT,6
GTTGAGGTCATC,7
GTTCTGCCAGGA,1
CGAGCCTTTGTG,1
GTATGGACGGAC,7
ATCAAGTGGCGA,12
AGAGCAGCATAT,5
CCCAGCACAATA,72
TGAGACAATGCA,2
CATAAGAGTGCG,15
ATGGCCTGAGTC,3
CATACACTCCCG,7
CCCATCATAAGG,8
CCAGTGGCAAAT,6
ACTTAACTGTGC,35
GGTAACTACGAG,5
CTTCATAGGACC,2
ACCTACGCAGGA,5
ATATGCTATGCC,2
TTGGATATGCGT,3
GACTCTAGCTTG,2
AAGGACGGCTAG,3
CTGGCAGGAGTA,20
ACGACCGTGGAA,2
TATGGTCGTCAC,1
GAACAAACCCGG,3
AAGTCGCCTGTG,1
AGTACGCTCGAA,3
AACGGTGGTTGC,1
TCTAGTACCACT,3
GACCCGTAGAAG,24
GTTGCCATAGAC,1
CGTTTCACTACA,1
GAGCCTATCAGT,2
TGTTGGGTTGGA,11
CTGGTTACCGAA,4
AATCAGGGCACG,3
TTGGTTGCCGGT,5
GCTAGACCGTCT,7
CCCTATTGTACT,2
AACTTGCAGCGA,3
AAGGCCTACAAA,1
ATAGACGGATGA,1
AACGATTGCATC,1
TCCATACGGGTC,7
CAATTGGCTTCC,210
GTGCGCTTTAAC,1
GATCGACAAGCT,2
ACTTCCTTCAAG,6
ACGCAGGAAGAC,1
GTTCAGCATGTA,1
TCGTTGTACACA,7
GTCATACGGCCT,3
TAAGCAACAGTG,51
AACGAAGGCGAT,18
AACGAGGTTGCT,1
GCGGTTTAAGCA,3
AGCTCTTGGACA,11
TCGATCGGCTCT,6
GCGTATCGATAC,1
GAACGATTGAGA,4
TTCATCTCCCGT,2
CGTATAGTGCTT,8
TCTTCTACACGC,1
GTGCTTTAAGCC,1
ACCACAAGCTGG,2
ATCTGGTCTTCG,1
CGCAACTGACTC,1
CAGATTGAGTCG,117
CGGAGGATAAGT,11
CATACAAGTGTG,26
AGGAGTTGCAAC,36
ATCAGGTGCATA,16
ATCTGGCGACTG,8
GAGCACAGAACC,2
TTCCGAGAATGC,10
AACCAGAAGCGG,1
GACTACCAACCG,4
CCTTGATGAGCC,4
GTGGACAAGAGC,9
CATAAGGCTCAA,1
ACATGGGTGATG,4
GGTTGCTATTTC,24
TACCGGCGCTAA,8
GGACCAATGGAC,7
ACTAGTGTGTGA,1
GATGTCCCAAAT,8
TAGCATCGTCGC,1
ATCGCAGCAACC,19
TGGGTTGCCTAG,79
GATAATTCGCAG,1
GAAACGTCGCAA,6
CAGTATCTTGGC,7
GACCGTGTACCT,37
GTGAGCCACTTT,5
GTTAGCGCTGTC,1
CCGGTAGATCAG,15
GCTATCGACAAG,11
CCGCTTTACAAA,1
GGAGCAGCGTAA,3
TGCTAATGTGTC,8
GTCCAAATGACT,1
GACGAGGAATCT,3
TGCTCGTCTGCT,14
AGTGCCGTGAGT,2
ACTAGGCTCGGA,1
TAGCCGACGATA,2
CTGCCCTTTAAG,1
ATAGTTAGTGGC,2
CTCCATAATCGC,4
TAGACGGAAGTA,3
GGCCAATGCACT,1
CTGAGACGGACT,3
TTGGTCCTTGCA,5
AATCGGTCGTGC,7
AACCAGCGACTT,2
ACTGCGCGAAAC,1
ATTCCAAGCCTG,3
GTTCGAGGTTTC,5
GCAACATGTCGT,6
CAATACCCATTG,7
CGCTGTTGGAGT,5
GAGAATCGCGTA,3
TAGGCTCAATCG,4
CAAGTAGCCAAT,4
ACGAGTCTCTCT,4
TATCTGGGCTAC,1
ACGAGAGGAACT,4
GCTGCGTAAAGA,5
GGTTATCTGGTG,10
TATACGAGTGGA,3
CTCCACTGGACT,4
GTTCGTCCGGAA,1
GCAACTTCTGGG,6
ACCCTTTGTCCA,1
ACGTACTAATGG,5
GCATGAAGATGA,2
AGCAGGTATTTC,6
GAATGCTGTCAG,2
GTCTAGCTTGCA,1
ACCAGGGAAGAC,2
CTGTAGAGCCAG,1
GCGCTCCTTGAA,4
GCATCGCATTTC,2
TCGTGGATCAGC,2
CCCTATTAGACC,2
TCGACGATACAT,5
TATGACGCCTCT,2
CCTTTCACACTG,3
CTCGGCGATTAC,1
CGAGGTCAATAG,1
GTTCTCTTGCAG,2
GCATACTTCCAA,3
GTTTGACCTCGG,1
ACACGCCAGTAT,5
GTCTTCACGTGC,6
GGGTTCACATAC,1
ATCTAAGGTGCA,5
CCTTTGCAGAGT,1
ACTCCACCTAAT,1
TTCCAGCGAATC,1
GACAGCGTAAGG,1
CAGTCCAAGATG,1
TTTGGCCCTAGA,1
CGCGCCTAACAT,3
TGATCGAGTCAG,2
CAATTGGGTGCA,1
TAACCTGGAGCG,1
TTCCAGTTTGTG,2
GCTGAATGAGTC,1
ACGGTTGTGACG,1
ACAGCGAGCAAG,1
CCTGCACCTTGT,2
CACGTGAAATGC,1
CATACCACCTCG,1
CTTAACGTAGCC,1
TGAAGATGAGGT,1
ATTAGCCGATGC,1
ACCTGCAACTAG,1
CAACACTGCTTT,1
TTGGCCTATTGA,1
GACTGACCAAGT,1
GTAGATCGAAGT,1
AGATGAGTGCGA,1
TTCCGTAGATAC,1
GTGACCACTGCT,1
TTCAAACGGCGA,2
GTAAGAGTTCGA,1
ACGCACCACAAT,1
TCCTGAGGAGTT,2
CTTGCAAAGGCA,2
ACTTTCCTGCTC,1
AGTTACCCATGG,2
CCCAATCCTTAC,1
CCGCGATGTAAA,1
CAGCGTTAAGTC,1
GAAGAGAGACAT,1
CTCACTCCTAGG,1
ATCCTTACCTGG,1
ACGGGATTCATA,2
GAGTACAACCTG,1
GAATGATGCCTC,1
GAAAGCTGACCA,1
CGAGTGTGAACC,1
